Арфы золотые, https://drive.google.com/file/d/14sXqoNwwWto5chFqhg883GE8HY3SeoSV,

Без любви все теряет смысл, https://drive.google.com/file/d/1fRv36pzV8ofUuJJyVorJn72193sG7PET, 

Благодарю Тебя, https://drive.google.com/file/d/16uiPV2iDdrG6W129jtYy6DwCN6EsxMvd,

Благодать Христос Твоя, https://drive.google.com/file/d/1OTIbUBNH2mY-dBMKuLYvI-ywu7-Qm6l7, 

Близится время прихода Христа, https://drive.google.com/file/d/1KO0605niAmTMR92yEv8GM_aiG4GC2AY9,

Бог мой Ты - Скала моя, https://drive.google.com/file/d/1S-edbAaq3spJxUDZDGUjeuz9CXjLz_o9, 

Бог сроднил нас навеки, https://drive.google.com/file/d/1QW64C_M785VPW-g4wAzPN_zMa0L-vsWH, 

Бог створив сім'ю, https://drive.google.com/file/d/1tlR7i0Wk2pjr7uxTN9T2uTAshk86avGN, 

Боже мой, https://drive.google.com/file/d/1GS2dA-jpw_wpcL3BN_u5Niy5JrMIeZ9d,

Боже предстали, https://drive.google.com/file/d/1pjDRk8ubXyYBMEtO6TZNIH5j70-Vn3E3,

Боже Ты - Бог мой, https://drive.google.com/file/d/19-QS-b-trtnnSEoIGq6uULYgwu8wZVFU,

Бурями носимая, https://drive.google.com/file/d/1vcpgdqA-RN7QTYyys9eGcBI8SnnZ2EJy,

В вечных обителях, https://drive.google.com/file/d/13gkNfVVxN5zRy_10qzsJnV1Ta1iIluez,

В дикой пустыне, https://drive.google.com/file/d/1yIf-O8xARzTgB1olNltlB-kd1BBSVPDj,

В минуту жизни трудную, https://drive.google.com/file/d/1Me21RR_hrd1O8vM3uuMLSUjSHKM_lOMw,

В моем сердце покой, https://drive.google.com/file/d/1GMlec4zAtMZSkZGXlENUlRFsjmhHZa2N,в сердце покой

В небесах дом родной, https://drive.google.com/file/d/1pqR4AIlp39KBibXYih9aUPtwNHDX8Xng,

В сердце песня новая, https://drive.google.com/file/d/1rw7JscqhBs2V5XDulzdDhhAbq-JlDf1p,

Вести ангельской внемли, https://drive.google.com/file/d/18iDnpuUibR34-hn5OY0wno7sLPhQh4Ij,

Вечные небеса, https://drive.google.com/file/d/1sV_FZrIrt_FkgP6SQW-I-L6me3feb-YD,чистота и покой

Вечный Бог в день, https://drive.google.com/file/d/1mhWpHDD8sWESX6cj1PZLHnu-vXN643Ei,

Вещает небо, https://drive.google.com/file/d/1YNouKH-3YmfOL-pz52D5AKnEWwPNnx4y,

Вновь у Голгофы, https://drive.google.com/file/d/1kj3kT8sEo3X3F8-KZS4bRO9p4huZehTI,

Возрадуйся душа моя, https://drive.google.com/file/d/1l5oJS7RCTGhYipQMDcwiAi7Cx0-Spf6p,

Все в этом мире, https://drive.google.com/file/d/17u8u-YPzDKoGN2iLIr_Cj99dXmiYtA-J,

Вы научены Богом любить, https://drive.google.com/file/d/1tJLpkCB7CkR6zs74Czhrn2xN9EiVcUWu,

Где же Ты где, https://drive.google.com/file/d/1tmZxkoVOgYHXIUYpXlHbHjz9FFUupCf7,ясный ли день

Голгофы память, https://drive.google.com/file/d/1CTwXKkULbjnjzfsHt9nx7xwKGMSFEMpH,

Господа благослови, https://drive.google.com/file/d/1nd5MEE_karlH1rXNtTB_MP8UTO7Kda_T,

Господи до Тебе зір, https://drive.google.com/file/d/1kgzzqDCJS79-MhD57NkX2b2KZjrp699n,

Господь есть мой Пастырь, https://drive.google.com/file/d/1g4_dxl8sNrR36o0gMTxw6Vfj1lW2STL4,

Господь есть мой свет, https://drive.google.com/file/d/1ad-TJVBKlWSnthQrgHspvwLU5z7cvaSq,

Господь мы в этот час, https://drive.google.com/file/d/1RxhCrpmF1TrH3FvajJmE76oorR6J-kOD,

Да благословит Господь, https://drive.google.com/file/d/1PSO6ggjGU9VCd67AKjnR0yTty2zctMiG,

Дай подходить, https://drive.google.com/file/d/1QXsQHnTFKTuhFyFFRmamx4h5P_S86DCI,

Две руки, https://drive.google.com/file/d/1oHLOcmux0Po_iQNCtOLaoUMSv5ozBXL4,

Дві руки, https://drive.google.com/file/d/1A-n24cFvXAVZGaeQ5j4e-0SJBpod8sdG,

Де згода в сімействі, https://drive.google.com/file/d/1Xiq9rlFmF-ZKA0ftjmqQmWncj7jcIMEa,

Держит Он меня, https://drive.google.com/file/d/1nkb43fwjMcbD73Gyvxcrdo82pyHD6BN2,если грех меня

Дни уходят, https://drive.google.com/file/d/1Q3gMT-6CdND4MkbrbzhX7VHfXhy-nVts,

Дух Святой который вдохновляет, https://drive.google.com/file/d/1OZdtnas8tU-W7B5qRTgA4FwN9Ahk-6uT,

Душа без Бога, https://drive.google.com/file/d/1ai8vlLyG0q3Ng9xv2oAN3TNE5PDBj7Io, 

Душе моя, https://drive.google.com/file/d/1Klv2EnOnRob2hxkubZhPEFAWdkmOA9t1,

Единому Богу слава, https://drive.google.com/file/d/1rrH4AitlhPu9UK5tqVYowvL7Nz1Q0Ajg,

Есть много дорог, https://drive.google.com/file/d/1qAwQI7gJ8JoVTwCyfPbGPH2vejfXA4l8,

Живущий под кровом, https://drive.google.com/file/d/1giJq-SIMv6NID1X9LX1Ux-nnI6yL_9CM,

Жизнь привыкли мы мерить, https://drive.google.com/file/d/1YcLUry8ueKJuT99JACcvm58zrg-Dm_H2,

Звучит труба, https://drive.google.com/file/d/1S4aPYKtjFkwYIuCJrOCps0IN8GAPhq8I,

Земля трепещет, https://drive.google.com/file/d/1mflfbC-2kbFW7udniaG8dU_sye2mVkaA,

Знаешь ли подвиг Иисуса, https://drive.google.com/file/d/1jhjOUUdAwI_T5odEhgecR1p66VD74fDi,

Зову Тебя, https://drive.google.com/file/d/1anhRPzGQblThswzmgc4TR4RTrHl8Cmmf,

Из размякшей земли, https://drive.google.com/file/d/1xYNiyrYHppqonLfB5L4TJ5GpqNwYPj3V,

Иисусу воскресшему юность, https://drive.google.com/file/d/1JuEbiCUnXZpX3IoREMjwnZVLO5JknENr,

К горам возвожу, https://drive.google.com/file/d/1tmDxH17_ktZvzF-kgZWMmuhnom2mgC-T,

Как лань желает, https://drive.google.com/file/d/1geHwT7HLkgQQ1hDqhorDlUM7wF6dQ9lr,

Когда во тьме ревет гроза, https://drive.google.com/file/d/1VlkceACgymyjaJFmdTxAKOo3v1zfnf-T,

Игра в христианство, https://drive.google.com/file/d/1RcWesyvLGG-nPlJigtBMcN4-PsafyXUi,когда-то горел

Кредо, https://drive.google.com/file/d/1SZXrlO7PtR18ek4C_3i-5QNQZWUcUBWO, Credo

Кто подобен Тебе, https://drive.google.com/file/d/1C0EOf2PFiJApzsHKoLNDafV913GZ54je,

Лакримоза, https://drive.google.com/file/d/18qpv08ZFsQDqnXPdE43QBP6gDdl9zRP2,lacrimosa.лакримоса

Лейтесь слёзы сокрушенья, https://drive.google.com/file/d/1dpfGLsKBhlBc7G6dpC2egmy5XsY_cKHS,

Люби Того Кого омыла, https://drive.google.com/file/d/1CLY9UhUBO_e7ejmluMJFFeVhQ9rObItR,

Любий Ісусе, https://drive.google.com/file/d/1FcCnrbrVwBmBIE3c6WEMWIpcVaqXtMZf,

Маятника каждое движенье, https://drive.google.com/file/d/1yWgHA42ZlzyWEghrbU-yewWoSlM2RROo,

Мирное небо, https://drive.google.com/file/d/1qR5u0TackBq_G-f0Ssegt-E5-ZxAy47W,в светлых домах уют

Много лет, https://drive.google.com/file/d/1WU3s3Ww6RxtPzbnjlbtZXBc6FzVTOyvt,

Можно ли умом постигнуть, https://drive.google.com/file/d/1bGD0p1D5y2nYjw_nHh3iSLyUC67O9n37,

Мої джерела, https://drive.google.com/file/d/12nyQ_3SY3A1G42UK912ifJ6OU4LI6xZ9,

Молитва Верую, https://drive.google.com/file/d/1_54a6TjTF1rErTFV7TCc_AKza1vgZJef,тысячи звезд

Молю Тебе, https://drive.google.com/file/d/16djm_NMXP7rLzNqqrQS8uqBQMqeaPlfv,

Мы - пилигримы, https://drive.google.com/file/d/1r24oXqsLjPQqil5kiG6qUVK4j4edB376,

Мы ждем с небес Христа, https://drive.google.com/file/d/1TsOXt3NStR9xOwPoEBiO9yPFCKDo3XUG,

Мы ликуем и поем, https://drive.google.com/file/d/1ng38JsJcPbn2vK03QOTnrJJ_8_4nPt4j,

На ладонях счастья, https://drive.google.com/file/d/1d4a6d617rxafRxndYJTQjrs6vlSP8kPk,

На могучих крыльях веры, https://drive.google.com/file/d/1rKDvo1W6_ixfjP68LgZm92b7dT5vu7St,

На святой земле, https://drive.google.com/file/d/1FgilfYVBeEwMneKqTxLs1nU_dilVGZrU,

Над Голгофой тучи серые, https://drive.google.com/file/d/1rW-lY1dkd0njg_2qThcyAMBP8CSNRvx-,

Надворі осінь, https://drive.google.com/file/d/1e3CsX_g6TVn_F5EXbHgmiBjGgvn1kbgO,

Настав день воскресіння, https://drive.google.com/file/d/1oye0GNaVfwJbS8_gK4RjNVgFThjL0ilG,

Наш Господь Христос воскрес, https://drive.google.com/file/d/1wst5KY7ZZp76RmaQF4h5SSr_2g3Fp5iu,

Нашел Того о ком душа, https://drive.google.com/file/d/1GkjwpNPiYTl5Q6mPrN_beWdS_wXK5jui,

Не достоин я всех Твоих милостей, https://drive.google.com/file/d/157YN7GZQf5eSJMl8lUuGYXo46zeok0Lc,

Небо небо, https://drive.google.com/file/d/1m7GM5fLoQyx3nmSeq5JghGq6-PAOQD_t,

Недавно узнал я, https://drive.google.com/file/d/1chT6nQp3PhTip7O2f3Zr77N9fcX1GKVh,

Новая земля, https://drive.google.com/file/d/1oC6Jgz4o7PBD8tmeNYfkvfL6_E1GYI4t,господом прекрасная

О Агнец непорочный, https://drive.google.com/file/d/1v3vunHR5jZRTv__h4KN5MNStUTLsSYSR,вот Агнец непорочный

О как проискорбны, https://drive.google.com/file/d/1cmPW016r5olx1k-A6fkY0tuyK6iEw2EW,

О малый город Вифлеем, https://drive.google.com/file/d/1qlrEHn4wORu6e3nsbQhcRS7D7VTJFc5h,

О небо голубое небо, https://drive.google.com/file/d/1Z-N4tdf62JoXgAA1Kc1tdkoAR5SXXxFR,

Один молится Христос, https://drive.google.com/file/d/1wYz6HgF_KINszEafuTADJWc71lXs-66U,

Осень осень, https://drive.google.com/file/d/1pgaHEpsZg1QWiByNnnqk1XRLldJEs7RA,

Остывший очаг, https://drive.google.com/file/d/14oJG1gI8fT1zY-s5fHKHDQctn7RKIDQS,

Отцы и матери, https://drive.google.com/file/d/1s8SZQSYCpcMRW8vN8Af60fi9jAZ7chxH,

Пенье ангелов с высот, https://drive.google.com/file/d/16xpcYbfdZo_L7t3jKZMCyOYH5-rNFw8n,спит спокойно Вифлеем

Перед рассветом, https://drive.google.com/file/d/1Wz0WSERLBrbvQj7lEPw0BBvuByV3G9vT,

Под бичом кровавого удара, https://drive.google.com/file/d/1iqNAk1kMUP1DFaQ8-98LhY2kAIaXaiqj,

Под ношей греховной, https://drive.google.com/file/d/1i6LoiEST6ikSHjuBC3QofpGSCgTKnOjW,

Встреча у престола, https://drive.google.com/file/d/1Bw3G-gmtUs6rIRTxUSSNVt3zMxqPGLZz,пожелтел цветущий сад

Помни око Христа над тобою, https://drive.google.com/file/d/11AACAEjxm5LjgumLqQ0epEtICQELc2Wq,

Пребудь со мной, https://drive.google.com/file/d/185krNXxchbZoI6oeqr1wrLSw9bP-r8rw,

Придите к Младенцу, https://drive.google.com/file/d/1sk1eZDIW594qOIma28hd3AwIkvUkdGcb,

Приклонись ко мне, https://drive.google.com/file/d/1ISHLhyYMTc0PMvwTSovJ-RkPLCWJFwBQ,

Проснись земля!, https://drive.google.com/file/d/1V1dpbDGDJoiL5sNxZFPiftuqNWiK3dPn,

Пустеет в доме христианина, https://drive.google.com/file/d/1ODWcSLTaj8BQimUaV8tvm5dP-rsdZ0Aq,

Радуюсь я!, https://drive.google.com/file/d/1t0PkV7ruWpUsNcXtU_GMDkvlwL9AEx23,

Раны Христа, https://drive.google.com/file/d/1iY-7SwQR4tJszFTWAW9QjEh9d8DaXNth,

Рождественский звон, https://drive.google.com/file/d/16QVEuQpzsR4kH3YZDA4YyUQG8eaL3uom,на рождество

Рождественский хорал, https://drive.google.com/file/d/1klxCwiRwEJmQPwp0uatS5Zb_Gtq1yqs-,звездная ночь ликовала

С ликованьем прославляем, https://drive.google.com/file/d/1zvZ_eNa1igL-fDFaCUxOLYYO4ZSBGVon,

Свет нашей жизни - Ты, https://drive.google.com/file/d/1BHbVJ-7oeTYAIjxDxy_K37KqqrNfHuF1/view?usp=sharing

Свят Свят Свят, https://drive.google.com/file/d/1jXW96-DtZtt0iO0qIetN5voA0Mt34I1Z,

Святая ночь!, https://drive.google.com/file/d/1YKuAwx1YriwckE03PFWGIvqOJgSoYJC0,

Святая Церковь, https://drive.google.com/file/d/1xX23O_JIWmosiHRI5MJTMS7JYYNrjCau,

Се у дверей стою, https://drive.google.com/file/d/1kkf9ChLLzahLxdjeUnI8joMNjHQ6ZLd0,

Сегодня две руки хотят, https://drive.google.com/file/d/1zPAHpWgc3HpDgN4ioQI7hRxy_QAVZ3TT,

Сколько дорог, https://drive.google.com/file/d/1UvhACnQ79P2ZAb-9cFQlwALwxy7ttNi6,

Слава слава в вышних Богу, https://drive.google.com/file/d/1WfYZfGE7fINkHSM0all7ILfupSKGwKXQ,

Славьте Господа славьте повсюду, https://drive.google.com/file/d/1xloox7F719wAS9cxerosRtMox8uDzgP_,

Согревало солнце землю, https://drive.google.com/file/d/1jCpxA186JdhSU9IFAWUfkEbWv2ZpuqzY,

Сонну землю тиша м'яко оповила, https://drive.google.com/file/d/1f4APHuatHoSIvG8EENvTswy7Gu3Fj463,

Страшно бушует, https://drive.google.com/file/d/1ug3q2n2G30i8jyrzs9yIF9aH0on3XJzd,

Так давно пели Ангелы, https://drive.google.com/file/d/1Q08ez3fOy3QwUgnX0ZUyeF6SFCeBCXX7,

Тихо встала заря, https://drive.google.com/file/d/181ufCfQYIME7ppcjQaHwi266mjzHgoZx,

Тільки Ти мій Ісус, https://drive.google.com/file/d/1p2bCEliC2hL-4uUCGJapkEIct69NJbkJ,на дорогах життя

Трудись, https://drive.google.com/file/d/1jlsJeMoFNtSvSZImxcLHbJuEdxYuAtbS,

У Кані весілля, https://drive.google.com/file/d/1T1R5NdHB92phNlsgiIezw6kAEznNTk5T,

Убран урожай, https://drive.google.com/file/d/1MFgNa-IR2iXAKF2bUTcv483W0QqHywyi,

Хвали душа моя, Бога, https://drive.google.com/file/d/1IUwOeDRjVwHLi-zDiYxJz_7PNwk-78lu,

Христа чудесный свет, https://drive.google.com/file/d/1pk5mMIMZE16QeegQTOVTsrfexNwYQ6W5,

Христос! Ты в Кане Галилейской, https://drive.google.com/file/d/16A9aoySoEmp8TKbs4uJB_qvl-lfimRlS,

Царь славы был презрен, https://drive.google.com/file/d/1QiH5HcxfgbttvEzgNgICLYy2J_ZFHZOg,

Что повелишь, https://drive.google.com/file/d/1bL9e9lgq5yuuFnB0WcQOxybyP_luNOty,

Чудова любов, https://drive.google.com/file/d/1WFthTcM_g2KDRX9KmAaVdMbk3CdEsx4z,він залишив славу

Чути кроки молодого, https://drive.google.com/file/d/10iB8atgyKJuRG0Cid8-8Bl86r5YJv7fA,

Эта весть звучит, https://drive.google.com/file/d/1WE7Gu6tD0dzjlYyKAwwUUOmN16Urqa9p,

Я дякую Тобі, https://drive.google.com/file/d/1lgMjDwA-BzdSmA3xtC20So6mQfl6UFGt,

Я знаю в небе мой чертог, https://drive.google.com/file/d/1vY0uEZL0A7Q7VO6cp9Y3fQNv5nNN_4Qj,

Я искал тебя Церковь моя, https://drive.google.com/file/d/1SdoX7tFOW5wiey3eBWgkZXWOC6L_77dV,

Я співаю про Тебе, https://drive.google.com/file/d/1vn4G2GtI1GiPrYyoXxhWSt5qxzmW8WDu,

Я хочу увидеть город, https://drive.google.com/file/d/15QITvkuZ_yRP7lZqsF1BfhnHv9iBKNw2,

